{
  "timestamp": "2026-03-29T06:12:56.874Z",
  "config": {
    "scoreThreshold": 5.5,
    "strategy": "EDGE"
  },
  "results": {
    "totalTrades": 11,
    "winrate": 54.54545454545454,
    "profitFactor": 0.9842832921296951,
    "totalProfit": -0.7858353935152422,
    "maxDrawdown": 14.738738779750435
  },
  "targets": {
    "winrate": {
      "target": 58,
      "actual": 54.54545454545454,
      "passed": false
    },
    "profitFactor": {
      "target": 1.4,
      "actual": 0.9842832921296951,
      "passed": false
    }
  },
  "allPassed": false
}